<?xml version="1.0" encoding="utf-8"?>
<extension type="component" version="1.6.0" method="upgrade">
	<name>Rapleaf</name>
	<author>Freakedout</author>
	<creationDate>2011-06-15</creationDate>
	<copyright>(C) 2011 Freakedout. All rights reserved.	</copyright>
	<license>GNU General Public License version 2 or later; see	LICENSE.txt</license>
	<authorEmail>services@compojoom.com</authorEmail>
	<authorUrl>http://freakedout.de</authorUrl>
	<version>0.1</version>
	<description>COM_RAPLEAF_XML_DESCRIPTION</description>
	<administration>
		<files folder="administrator/components/com_rapleaf">
			<folder>controllers</folder>
			<folder>models</folder>
			<folder>views</folder>
		</files>
		<files>
			<filename>config.xml</filename>
			<filename>index.html</filename>
			<filename>rapleaf.php</filename>
		</files>
		<languages folder="administrator/language/">
			<language tag="en-GB">en-GB/en-GB.com_rapleaf.ini
			</language>
		</languages>
	</administration>
</extension>
